Name,formfactor,rgb,price
CASE (เคส) COUGAR QBX,MINI-ITX,FALSE,1790
CASE (เคส) COUGAR MX330-X,ATX,FALSE,990
CASE (เคส) COUGAR CONQUER,ATX,FALSE,9900
CASE (เคส) AEROCOOL CYLON RGB (BLACK),ATX,TRUE,1390
CASE (เคส) AEROCOOL CYLON RGB (WHITE),ATX,TRUE,1390
CASE (เคส) THERMALTAKE VIEW 91 TEMPERED GLASS (RGB EDITION) (BLACK),ATX,TRUE,12900
CASE (เคส) THERMALTAKE VERSA J21 TEMPERED GLASS (BLACK),ATX,TRUE,1490
CASE (เคส) COOLER MASTER MASTERBOX LITE 3,MICRO-ATX,TRUE,1190
CASE (เคส) CORSAIR OBSIDIAN 1000D ,ATX,TRUE,19990
CASE (เคส) AEROCOOL CYLON TEMPERED GLASS RGB - WHITE,ATX,TRUE,1590
CASE (เคส) AEROCOOL CYLON MINI TEMPERED GLASS RGB (BLACK),ATX,TRUE,1290
CASE (เคส) ASUS TUF GAMING GT501,ATX,TRUE,4150
CASE (เคส) DEEPCOOL MATREXX 30 (BLACK),MICRO-ATX,TRUE,990
CASE (เคส) COUGAR GEMINI S (SILVER),ATX,TRUE,2490
CASE (เคส) AEROCOOL SHARD (BLACK),ATX,TRUE,1990
CASE (เคส) DEEPCOOL MATREXX 70 ADD-RGB 3F (BLACK) ,E-ATX,TRUE,3490
CASE (เคส) ASUS ROG STRIX HELIOS (BLACK),E-ATX,TRUE,11390
CASE (เคส) COUGAR GEMINI M (IRON GRAY),MICRO-ATX,TRUE,1690
CASE (เคส) ANTEC TORQUE BLACK-RED,ATX,TRUE,13990
CASE (เคส) NZXT H510I (MATTE BLACK),ATX,TRUE,4190
CASE (เคส) THERMALTAKE H200 TG RGB (BLACK),ATX,TRUE,2390
CASE (เคส) THERMALTAKE H200 TEMPERED GLASS RGB (SNOW),ATX,TRUE,2490
CASE (เคส) THERMALTAKE CORE P5 TEMPERED GLASS V2 (BLACK EDITION),ATX,TRUE,4990
CASE (เคส) LIAN-LI O11 DYNAMIC (PC-O11DW) (WHITE),ATX,TRUE,4850
CASE (เคส) AEROCOOL BOLT TEMPERED GLASS,ATX,TRUE,1390
CASE (เคส) DEEPCOOL MATREXX 55 V3 ARGB 3F (WHITE),ATX,TRUE,2890
CASE (เคส) ANTEC STRIKER,MINI-ITX,TRUE,9790
CASE (เคส) COUGAR CONQUER 2,ATX,TRUE,10900
CASE (เคส) THERMALTAKE LEVEL 20 HT (SNOW),ATX,TRUE,5990
CASE (เคส) THERMALTAKE V250 TG ARGB (BLACK) ,ATX,TRUE,2250
CASE (เคส) DEEPCOOL MATREXX 55 MESH ADD-RGB 4F,ATX,TRUE,2590
CASE (เคส) LIAN LI O11 AIR MINI (BLACK),ATX,TRUE,3290
CASE (เคส) IN WIN A1 PLUS (PINK),MINI-ITX,TRUE,5990
CASE (เคส) COUGAR CONQUER MINI (PINK EDITION),MICRO-ATX,TRUE,8990
CASE (เคส) COOLER MASTER MASTERBOX MB511 TG,ATX,TRUE,2090
CASE (เคส) COOLER MASTER MASTERBOX MB520,ATX,TRUE,1990
CASE (เคส) COOLER MASTER MASTERBOX E500,ATX,TRUE,1690
CASE (เคส) ASUS TUF GAMING GT301 (BLACK),ATX,TRUE,2550
CASE (เคส) COUGAR MX410 ARGB (BLACK),ATX,TRUE,1390
CASE (เคส) PHANTEKS ECLIPSE P600S TEMPERED GLASS (PH-EC600PSTG-BK01),ATX,TRUE,5590
CASE (เคส) ASUS ROG STRIX HELIOS WHITE EDITION,E-ATX,TRUE,12500
CASE (เคส) BE QUIET DARK BASE 700,E-ATX,TRUE,6490
CASE (เคส) BE QUIET SILENT BASE 601 WINDOW ORANGE,ATX,TRUE,4990
CASE (เคส) AEROCOOL PRIME G V2 ARGB,ATX,TRUE,1190
CASE (เคส) THERMALTAKE CORE P8 TEMPERED GLASS (BLACK),ATX,TRUE,7990
CASE (เคส) BE QUIET PURE BASE 500 WINDOW (BLACK),ATX,TRUE,2690
CASE (เคส) BE QUIET PURE BASE 600 WINDOW ORANGE,ATX,TRUE,2990
CASE (เคส) BE QUIET PURE BASE 600 WINDOW BLACK,ATX,TRUE,2990
CASE (เคส) BE QUIET PURE BASE 500 WINDOW (WHITE),ATX,TRUE,2690
CASE (เคส) BE QUIET PURE BASE 500DX (BLACK),ATX,TRUE,3790
CASE (เคส) CORSAIR ICUE 4000X RGB TEMPERED GLASS (WHITE),ATX,TRUE,4390
CASE (เคส) CORSAIR ICUE 4000X RGB TEMPERED GLASS (BLACK),ATX,TRUE,4390
CASE (เคส) CORSAIR 4000D AIRFLOW TEMPERED GLASS (BLACK),ATX,TRUE,2990
CASE (เคส) CORSAIR 4000D TEMPERED GLASS (BLACK),ATX,TRUE,2990
CASE (เคส) CORSAIR 4000D AIRFLOW TEMPERED GLASS (WHITE),ATX,TRUE,2990
CASE (เคส) CORSAIR 4000D TEMPERED GLASS (WHITE),ATX,TRUE,2990
CASE (เคส) COOLER MASTER MASTERBOX NR200P (WHITE),MINI-DTX,TRUE,3290
CASE (เคส) COOLER MASTER MASTERBOX NR200P (BLACK),MINI-DTX,TRUE,3090
CASE (เคส) THERMALTAKE S100 TEMPERED GLASS (BLACK),MICRO-ATX,TRUE,1590
CASE (เคส) THERMALTAKE S100 TEMPERED GLASS SNOW EDITION (WHITE),MICRO-ATX,TRUE,1690
CASE (เคส) DEEPCOOL MACUBE 110 (WHITE),MICRO-ATX,TRUE,1690
CASE (เคส) DEEPCOOL MACUBE 110 (BLACK),MICRO-ATX,TRUE,1590
CASE (เคส) BE QUIET SILENT BASE 802 WINDOW (BLACK),ATX,TRUE,6490
CASE (เคส) BE QUIET SILENT BASE 802 WINDOW (WHITE),ATX,TRUE,6490
CASE (เคส) COOLER MASTER MASTERBOX MB311L (WITH OUT ARGB),MICRO-ATX,TRUE,1690
"CASE (เคส) COOLER MASTER MASTERBOX E500L BLUE, ACRYLIC SIDE PANEL",ATX,TRUE,1590
"CASE (เคส) COOLER MASTER MASTERBOX E500L RED, ACRYLIC SIDE PANEL",ATX,TRUE,1590
CASE (เคส) COOLER MASTER MASTERBOX PRO 5 ARGB (MCY-B5P2-KWGN-03),ATX,TRUE,2990
CASE (เคส) COOLER MASTER MASTERBOX MB520 ARGB (MCB-B520-KGNN-RGA),ATX,TRUE,2590
CASE (เคส) CORSAIR ICUE 5000X RGB TEMPERED GLASS,ATX,TRUE,7290
CASE (เคส) CORSAIR 5000X RGB TEMPERED GLASS (WHITE) (CC-9011213-WW),ATX,TRUE,7290
CASE (เคส) CORSAIR 5000D AIRFLOW TEMPERED GLASS (BLACK),ATX,TRUE,5790
CASE (เคส) CORSAIR 5000D AIRFLOW TEMPERED GLASS (WHITE),ATX,TRUE,5790
CASE (เคส) CORSAIR 5000D TEMPERED GLASS (BLACK),ATX,TRUE,5790
CASE (เคส) CORSAIR 5000D TEMPERED GLASS (WHITE),ATX,TRUE,5790
CASE (เคส) MONTECH X2 MESH (BLACK) (ATX),ATX,TRUE,1290
CASE (เคส) MONTECH X2 MESH (WHITE),ATX,TRUE,1350
CASE (เคส) IN WIN 805 - BLACK,ATX,TRUE,4390
CASE (เคส) IN WIN 805 (BLACK-RED),ATX,TRUE,3390
CASE (เคส) IN WIN 805 C-INFINITY - BLACK,ATX,TRUE,6990
CASE (เคส) SILVERSTONE TJ11 BLACK+WINDOW,ATX,TRUE,15500
CASE (เคส) IN WIN D-FRAME 2.0 (with 1065W PSU) - BLUE/WHITE,ATX,TRUE,24000
CASE (เคส) IN WIN H-FRAME 2.0 (with 1065W PLUS) - BLACK/AMBER,ATX,TRUE,20000
CASE (เคส) IN WIN X FRAME 2.0 - BLUE/WHITE,E-ATX,TRUE,28500
CASE (เคส) IN WIN X FRAME 2.0 - GREEN/BLACK,E-ATX,TRUE,28500
CASE (เคส) THERMALTAKE THE TOWER 100 (BLACK),MINI-ITX,TRUE,2990
CASE (เคส) THERMALTAKE THE TOWER 100 (SNOW WHITE),MINI-ITX,TRUE,3190
CASE (เคส) OCPC HYDRA MINI (WHITE-BLUE),MINI-ITX,TRUE,2990
CASE (เคส) THERMALTAKE DIVIDER 300 TEMPERED GLASS ARGB (BLACK),ATX,TRUE,3490
CASE (เคส) THERMALTAKE DIVIDER 300 TEMPERED GLASS ARGB (SNOW WHITE),ATX,TRUE,3690
CASE (เคส) DEEPCOOL MATREXX 40,MICRO-ATX,TRUE,1190
CASE (เคส) DEEPCOOL MACUBE 110 (PINK),MICRO-ATX,TRUE,1790
CASE (เคส) DEEPCOOL MACUBE 110 (GREEN),MICRO-ATX,TRUE,1790
CASE (เคส) GAMDIAS ARGUS E2 ELITE (BLACK),ATX,TRUE,1190
CASE (เคส) GAMDIAS ARGUS E4 ELITE (BLACK),ATX,TRUE,1290
CASE (เคส) GAMDIAS APOLLO E2 ELITE,ATX,TRUE,1690
CASE (เคส) GAMDIAS TALOS E2 ELITE,ATX,TRUE,1690
CASE (เคส) LIAN-LI O11-DYNAMIC-MINI BLACK,ATX,TRUE,3530
CASE (เคส) AEROCOOL MIRAGE,ATX,TRUE,2590
CASE (เคส) BE QUIET SILENT BASE 601 WINDOW (BLACK-SILVER),ATX,TRUE,4990
CASE (เคส) ASUS TUF GAMING GT501 (WHITE),ATX,TRUE,4390
CASE (เคส) AEROCOOL BIONIC (BLACK) (BIONIC-G-BK-V2),ATX,TRUE,1290
CASE (เคส) AEROCOOL BIONIC (WHITE) (BIONIC-G-WT-V2),ATX,TRUE,1290
CASE (เคส) PLENTY G28 (BLACK),ATX,TRUE,1090
CASE (เคส) GAMDIAS APOLLO M2 ELITE,ATX,TRUE,2290
CASE (เคส) GAMDIAS ATHENA M2 ELITE,ATX,TRUE,2290
CASE (เคส) SILVERSTONE CS380,ATX,TRUE,3990
CASE (เคส) ZALMAN S4 PLUS (BLACK),ATX,TRUE,1590
CASE (เคส) MONTECH X3 MESH (WHITE),ATX,TRUE,1750
CASE (เคส) MONTECH X3 MESH (BLACK),ATX,TRUE,1690
CASE (เคส) ZALMAN S4 (BLACK),ATX,TRUE,1290
CASE (เคส) MONTECH AIR 100 ARGB (BLACK),MICRO-ATX,TRUE,1890
CASE (เคส) CORSAIR 7000D AIRFLOW (WHITE),ATX,TRUE,8990
CASE (เคส) CORSAIR ICUE 7000X RGB TEMPERED GLASS (WHITE),ATX,TRUE,11490
CASE (เคส) CORSAIR ICUE 7000X RGB TEMPERED GLASS,ATX,TRUE,11490
CASE (เคส) GALAX REVOLUTION 01 (REV-01) (BLACK),ATX,TRUE,1650
CASE (เคส) MONTECH X3 GLASS (WHITE),ATX,TRUE,1820
CASE (เคส) MONTECH X3 GLASS (BLACK),ATX,TRUE,1750
CASE (เคส) COOLER MASTER MASTERBOX MB311L ARGB WITH CONTROLLER,MICRO-ATX,TRUE,1990
"CASE (เคส) COOLER MASTER ELITE 500 WITH ODD
",ATX,TRUE,1550
CASE (เคส) ASUS ROG Z11 (GR101) (MINI-ITX/-DTX) BLACK,MINI-DTX,TRUE,9490
CASE (เคส) THERMALTAKE CORE P6 TEMPERED GLASS (BLACK),ATX,TRUE,5490
CASE (เคส) THERMALTAKE CORE P6 TEMPERED GLASS (SNOW WHITE),ATX,TRUE,5690
CASE (เคส) DEEPCOOL CG540,ATX,TRUE,2690
CASE (เคส) COOLER MASTER CMP 510 (BLACK),ATX,TRUE,2390
CASE (เคส) GAMDIAS ARGUS E4 ELITE WH (WHITE),ATX,TRUE,1490
CASE (เคส) GAMDIAS ARGUS E5 (BLACK),ATX,TRUE,1090
CASE (เคส) THERMALTAKE DIVIDER 500 TG AIR (BLACK),ATX,TRUE,3990
CASE (เคส) OCPC VITTORIA (WHITE),MINI-ITX,TRUE,3190
CASE (เคส) OCPC MICRO (BLACK),MICRO-ATX,TRUE,2990
CASE (เคส) OCPC MICRO (WHITE),MICRO-ATX,TRUE,2990
CASE (เคส) GALAX REVOLUTION 01 (WHITE),ATX,TRUE,1950
CASE (เคส) COUGAR DUST 2 (IRON GRAY),MINI-ITX,TRUE,4490
CASE (เคส) COUGAR DUST 2 (DESERT SAND),MINI-ITX,TRUE,4490
CASE (เคส) PLENTY G16,ATX,TRUE,990
CASE (เคส) ANTEC NX420,ATX,TRUE,1690
CASE (เคส) PLENTY B29,ATX,TRUE,1150
CASE (เคส) PLENTY B12,ATX,TRUE,1190
CASE (เคส) PLENTY G15 (BLACK),ATX,TRUE,1090
CASE (เคส) PLENTY K17T,ATX,TRUE,1490
CASE (เคส) THERMALTAKE CORE P6 TEMPERED GLASS TURQUOISE,ATX,TRUE,5890
CASE (เคส) THERMALTAKE CORE P6 TEMPERED GLASS RACING GREEN,ATX,TRUE,5890
CASE (เคส) AEROCOOL TALON (RGB) (BLACK),ATX,TRUE,1190
CASE (เคส) PLENTY G15 (BLACK),ATX,TRUE,1090
CASE (เคส) PLENTY K17T,ATX,TRUE,1490
CASE (เคส) THERMALTAKE CORE P6 TEMPERED GLASS TURQUOISE,ATX,TRUE,5890
CASE (เคส) THERMALTAKE CORE P6 TEMPERED GLASS RACING GREEN,ATX,TRUE,5890
CASE (เคส) AEROCOOL TALON (RGB) (BLACK),ATX,TRUE,1190
CASE (เคส) GALAX REVOLUTION-05 (BLACK),ATX,TRUE,1350
CASE (เคส) LIAN LI LANCOOL II MESH RGB + TYPE C (BLACK),ATX,TRUE,3350
CASE (เคส) LIAN LI LANCOOL II MESH RGB + TYPE C (SNOW WHITE),ATX,TRUE,3600
CASE (เคส) LIAN LI O11 AIR MINI (BLACK),ATX,TRUE,3530
CASE (เคส) LIAN LI O11 AIR MINI (WHITE),ATX,TRUE,3850
CASE (เคส) MONTECH AIR 1000 PREMIUM (BLACK),ATX,TRUE,2490
CASE (เคส) MONTECH AIR 1000 PREMIUM (WHITE),ATX,TRUE,2690
CASE (เคส) ANTEC DF800 FLUX (BLACK),ATX,TRUE,2990
CASE (เคส) AEROCOOL HEXFORM (BLACK) ,MICRO-ATX,TRUE,1290
CASE (เคส) AEROCOOL RAIDER MINI (RAIDER MINI-G-BK-V2),MICRO-ATX,TRUE,1350
CASE (เคส) LIAN LI O11 DYNAMIC EVO (BLACK),ATX,TRUE,5300
CASE (เคส) COOLER MASTER HAF 500 (WHITE),ATX,TRUE,3050
CASE (เคส) COOLER MASTER HAF 500 (BLACK),ATX,TRUE,3050
CASE (เคส) COOLER MASTER TD300 MESH (BLACK) ,ATX,TRUE,2350
CASE (เคส) COOLER MASTER TD300 MESH (WHITE),MICRO-ATX,TRUE,2450
CASE (เคส) COUGAR ARCHON 2 MESH RGB (BLACK),ATX,TRUE,1890
CASE (เคส) COUGAR ARCHON 2 MESH RGB (WHITE),ATX,TRUE,1890
CASE (เคส) CORSAIR ICUE 5000T RGB TEMPERED GLASS (BLACK),ATX,TRUE,12990
CASE (เคส) COOLER MASTER MASTERBOX 500 ,ATX,TRUE,2790
CASE (เคส) GAMDIAS TALOS E3 (BLACK),ATX,TRUE,1490
CASE (เคส) INWIN 515 (BLACK),ATX,TRUE,4790
CASE (เคส) INWIN 127 (BLACK),ATX,TRUE,2990
CASE (เคส) AEROCOOL SPLINTER DUO ,ATX,TRUE,2190
CASE (เคส) SILVERSTONE FARA R1 PRO V2,ATX,TRUE,2090
CASE (เคส) MONTECH AIR 1000 LITE (BLACK) ,ATX,TRUE,1790
CASE (เคส) MONTECH AIR 1000 LITE (WHITE),ATX,TRUE,1930
CASE (เคส) COOLER MASTER HAF 700 EVO (TITANIUM GREY) ,ATX,TRUE,18900
CASE (เคส) THERMALTAKE V350 TG ARGB AIR (BLACK),ATX,TRUE,3490
CASE (เคส) THERMALTAKE V350 TG ARGB AIR SNOW (WHITE),ATX,TRUE,3690
CASE (เคส) ANTEC NX201 RGB (BLACK),ATX,TRUE,1290
CASE (เคส) COUGAR MX430 AIR RGB (BLACK) ,ATX,TRUE,2590
CASE (เคส) COUGAR MX430 AIR RGB (WHITE) ,ATX,TRUE,2590
CASE (เคส) COUGAR MX430 MESH RGB (BLACK),ATX,TRUE,2490
CASE (เคส) DEEPCOOL CK560 (BLACK),ATX,TRUE,3290
CASE (เคส) DEEPCOOL CK560 WH (WHITE),ATX,TRUE,3390
CASE (เคส) GALAX REVOLUTION-05 (WHITE) ,ATX,TRUE,1350
CASE (เคส) ANTEC NX292 (BLACK),ATX,TRUE,1450
CASE (เคส) THERMALTAKE DIVIDER 170 TG ARGB (BLACK),ATX,TRUE,2390
CASE (เคส) THERMALTAKE DIVIDER 170 TG SNOW ARGB (WHITE & BLACK) ,ATX,TRUE,2590
CASE (เคส) DEEPCOOL MATREXX 55 V3 ADD-RGB 4F (BLACK),ATX,TRUE,2890
CASE (เคส) COUGAR ARCHON 2 RGB PLUS (BLACK),ATX,TRUE,1990
CASE (เคส) NZXT H7 FLOW (MATTE WHITE) ,ATX,TRUE,4990
CASE (เคส) NZXT H7 ELITE (2022) (MATTE BLACK),ATX,TRUE,7890
CASE (เคส) AEROCOOL TRINITY MINI,MICRO-ATX,TRUE,1790
CASE (เคส) AEROCOOL TRINITY MINI PINK,MICRO-ATX,TRUE,1890
CASE (เคส) AEROCOOL TRINITY MINI WHITE ,MICRO-ATX,TRUE,1890
CASE (เคส) ASUS ROG STRIX HELIOS (GX601) BLACK,ATX,TRUE,11360
CASE (เคส) LIAN LI O11 DYNAMIC EVO (BLACK) ,ATX,TRUE,5310
CASE (เคส) ASUS PRIME AP201 (WHITE),MICRO-ATX,TRUE,2490
CASE (เคส) LIAN LI O11 DYNAMIC EVO (WHITE),ATX,TRUE,5660
CASE (เคส) LIAN LI O11 DYNAMIC EVO (GREY),ATX,TRUE,5270
CASE (เคส) THERMALTAKE VIEW 300 MX SNOW (WHITE),ATX,TRUE,5190
CASE (เคส) DEEPCOOL CH510 (BLACK),ATX,TRUE,2490
CASE (เคส) DEEPCOOL CH510 WH (WHITE),ATX,TRUE,2590
CASE (เคส) COUGAR PURITY RGB (BLACK) ,MICRO-ATX,TRUE,1390
CASE (เคส) COUGAR DUOFACE RGB (BLACK),ATX,TRUE,2390
CASE (เคส) ZALMAN T7 (BLACK),ATX,TRUE,1090
CASE (เคส) COOLER MASTER MASTERBOX 520 MESH (BLACK),ATX,TRUE,2690
CASE (เคส) GAMDIAS AURA GC1 (BLACK),ATX,TRUE,1490
CASE (เคส) COOLER MASTER COSMOS C700M (SILVER - WHITE),ATX,TRUE,19900
CASE (เคส) DEEPCOOL CK500 WH (WHITE),ATX,TRUE,2790
CASE (เคส) LIAN LI LANCOOL III RGB (WHIT,ATX,TRUE,5300
CASE (เคส) LIAN LI A4-H20 X4 (ANODIZED BLACK),MINI-ITX,TRUE,5650
CASE (เคส) DEEPCOOL MATREXX 50 ADD-RGB 4F (BLACK) ,ATX,TRUE,1990
CASE (เคส) THERMALTAKE CORE P3 TG PRO (BLACK) ,ATX,TRUE,4490
CASE (เคส) THERMALTAKE CORE P3 TG PRO SNOW (WHITE),ATX,TRUE,4690
CASE (เคส) MONTECH SKY ONE LITE (BLACK) ,ATX,TRUE,2390
CASE (เคส) DARKFLASH A290 (BLACK),ATX,TRUE,1290
CASE (เคส) DARKFLASH DK100 (BLACK) ,ATX,TRUE,1290
CASE (เคส) DARKFLASH DK100 (WHITE),ATX,TRUE,1390
CASE (เคส) ANTEC NX292 (WHITE),ATX,TRUE,1550
CASE (เคส) DARKFLASH DK352 PLUS BLACK,ATX,TRUE,1790
CASE (เคส) DARKFLASH DK352 PLUS WHITE,E-ATX,TRUE,1790
CASE (เคส) MSI MAG SHIELD M301 (BLACK) ,MICRO-ATX,TRUE,990
CASE (เคส) DARKFLASH KNIGHT K1 (BLACK - ORANGE),ATX,TRUE,2690
CASE (เคส) MSI MAG FORGE 112R (BLACK) ,ATX,TRUE,2490
CASE (เคส) SILVERSTONE FARA R1 PRO V2 (WHITE),ATX,TRUE,2190
CASE (เคส) ANTEC AX20 ELITE (BLACK),ATX,TRUE,1190
CASE (เคส) DEEPCOOL CC560 ARGB (BLACK),ATX,TRUE,1990
CASE (เคส) COUGAR PURITY RGB (WHITE),MICRO-ATX,TRUE,1390
CASE (เคส) COUGAR DUOFACE RGB (WHITE),E-ATX,TRUE,2390
CASE (เคส) ASUS TUF GAMING GT502 (BLACK),ATX,TRUE,6190
CASE (เคส) ASUS TUF GAMING GT502 (WHITE),ATX,TRUE,6490
CASE (เคส) GAMDIAS AURA GC2 (BLACK),ATX,TRUE,1490
CASE (เคส) DEEPCOOL CH510 MESH DIGITAL (BLACK),E-ATX,TRUE,2990
CASE (เคส) NZXT H5 FLOW (BLACK),E-ATX,TRUE,3250
CASE (เคส) NZXT H5 FLOW (WHITE),E-ATX,TRUE,3250
CASE (เคส) NZXT H5 ELITE (BLACK),E-ATX,TRUE,5150
CASE (เคส) NZXT H5 ELITE (WHITE),E-ATX,TRUE,5150
CASE (เคส) MSI MAG FORGE M100R (BLACK),MICRO-ATX,TRUE,1990
CASE (เคส) ZALMAN T6 (BLACK),ATX,TRUE,890
CASE (เคส) ZALMAN N4 REV.1 (BLACK),ATX,TRUE,1490
CASE (เคส) DEEPCOOL CH510 MESH DIGITAL (BLACK),E-ATX,TRUE,2990
CASE (เคส) NZXT H5 FLOW (BLACK),E-ATX,TRUE,3250
CASE (เคส) NZXT H5 FLOW (WHITE),E-ATX,TRUE,3250
CASE (เคส) NZXT H5 ELITE (BLACK),E-ATX,TRUE,5150
CASE (เคส) NZXT H5 ELITE (WHITE),E-ATX,TRUE,5150
CASE (เคส) MSI MAG FORGE M100R (BLACK),MICRO-ATX,TRUE,1990
CASE (เคส) ZALMAN T6 (BLACK),ATX,TRUE,890
CASE (เคส) ZALMAN N4 REV.1 (BLACK),ATX,TRUE,1490
CASE (เคส) THERMALTAKE S500 TEMPERED GLASS (BLACK),ATX,TRUE,3250
CASE (เคส) THERMALTAKE CERES 500 TG ARGB (BLACK),E-ATX,TRUE,5590
CASE (เคส) THERMALTAKE CERES 500 TG ARGB SNOW (WHITE),E-ATX,TRUE,5790
CASE (เคส) COUGAR MX360 RGB (BLACK),ATX,TRUE,1390
CASE (เคส) COUGAR PURITY (BLACK),MICRO-ATX,TRUE,1190
CASE (เคส) NZXT H9 ELITE (BLACK),ATX,TRUE,8790
CASE (เคส) NZXT H9 ELITE (WHITE),ATX,TRUE,8790
CASE (เคส) NZXT H9 FLOW (BLACK),ATX,TRUE,5790
CASE (เคส) NZXT H9 FLOW (WHITE),ATX,TRUE,5790
CASE (เคส) CORSAIR ICUE 5000D RGB AIRFLOW (BLACK),ATX,TRUE,7490
CASE (เคส) CORSAIR ICUE 5000D RGB AIRFLOW (WHITE),ATX,TRUE,7490
CASE (เคส) CORSAIR ICUE 4000D RGB AIRFLOW (CC-9011240-WW) (BLACK,ATX,TRUE,4850
CASE (เคส) CORSAIR ICUE 4000D RGB AIRFLOW (CC-9011241-WW) (WHITE),ATX,TRUE,4850
CASE (เคส) ANTEC AX90 (BLACK),ATX,TRUE,2190
CASE (เคส) ANTEC NX360 ELITE (BLACK),ATX,TRUE,1490
CASE (เคส) MONTECH SKY TWO (BLUE),ATX,TRUE,3290
CASE (เคส) MONTECH SKY TWO (WHITE),ATX,TRUE,3190
CASE (เคส) MONTECH SKY TWO (BLACK),ATX,TRUE,2990
CASE (เคส) LIAN LI LANCOOL 216 RGB (BLACK),E-ATX,TRUE,3130
CASE (เคส) LIAN LI LANCOOL 216 RGB (WHITE),E-ATX,TRUE,3310
CASE (เคส) COOLER MASTER HAF 700 (TITANIUM GREY),E-ATX,TRUE,8990
CASE (เคส) MSI MAG FORGE M100A (BLACK),MICRO-ATX,TRUE,1390
CASE (เคส) ASUS ROG HYPERION GR701 (BLACK),E-ATX,TRUE,16290
CASE (เคส) COUGAR CRATUS (BLACK),E-ATX,TRUE,15900
CASE (เคส) ANTEC NX290 (BLACK),E-ATX,TRUE,1290
CASE (เคส) GAMDIAS TALOS E3 MESH (MATTE BLACK),ATX,TRUE,1490
CASE (เคส) ZALMAN I3 NEO (BLACK),ATX,TRUE,1690
CASE (เคส) GAMDIAS TALOS E3 MESH WH (SNOWY WHITE),ATX,TRUE,1590
CASE (เคส) GAMDIAS TALOS M1 LITE (BLACK),ATX,TRUE,1990
CASE (เคส) GAMDIAS AURA GC3 (BLACK),ATX,TRUE,1490
CASE (เคส) COUGAR DUOFACE PRO RGB (BLACK),E-ATX,TRUE,2890
CASE (เคส) ANTEC AX61 ELITE (BLACK),ATX,TRUE,1450
CASE (เคส) ANTEC AX81 ELITE (BLACK),E-ATX,TRUE,1890
CASE (เคส) ANTEC P20C (BLACK),E-ATX,FALSE,2990
CASE (เคส) ANTEC P20C WHITE,E-ATX,FALSE,2990
CASE (เคส) ANTEC P20C ARGB (BLACK),E-ATX,TRUE,3190
CASE (เคส) COOLER MASTER MASTERBOX TD500 MESH V2 (BLACK),E-ATX,TRUE,2690
CASE (เคส) COOLER MASTER MASTERBOX E300L (BLACK-SILVER),MICRO-ATX,FALSE,1390
CASE (เคส) THERMALTAKE CTE C750 AIR (BLACK),E-ATX,TRUE,5990
CASE (เคส) THERMALTAKE CTE C750 AIR SNOW (WHITE),E-ATX,TRUE,6190
CASE (เคส) THERMALTAKE CTE C750 TG ARGB (BLACK),E-ATX,TRUE,6490
CASE (เคส) THERMALTAKE CTE C750 TG ARGB SNOW (WHITE),E-ATX,TRUE,6990
CASE (เคส) CORSAIR 2000D RGB AIRFLOW (BLACK),MINI-ITX,TRUE,6590
CASE (เคส) CORSAIR 2000D RGB AIRFLOW (WHITE),MINI-ITX,TRUE,6590
CASE (เคส) CORSAIR 2000D AIRFLOW (BLACK),MINI-ITX,TRUE,4590
CASE (เคส) CORSAIR 2000D AIRFLOW (WHITE),MINI-ITX,TRUE,4590
CASE (เคส) SAMA GZS (BLACK),MICRO-ATX,TRUE,1290
CASE (เคส) SAMA GZS (WHITE),MICRO-ATX,TRUE,1390
CASE (เคส) SAMA PHS X7 (BLACK),ATX,TRUE,1250
CASE (เคส) AEROCOOL DELTA (DELTA-G-BK-V2) (BLACK),ATX,TRUE,1290
CASE (เคส) SAMA PHS X7 (WHITE),ATX,TRUE,1350
CASE (เคส) SAMA 33A (BLACK),ATX,TRUE,1190
CASE (เคส) SAMA 3305 (BLACK),ATX,TRUE,1290
CASE (เคส) THERMALTAKE DIVIDER 500 TG AIR SNOW (WHITE),ATX,FALSE,4090
CASE (เคส) SAMA A711 (BLACK),ATX,FALSE,2790
CASE (เคส) SAMA A711 (WHITE),ATX,FALSE,2890
CASE (เคส) COOLER MASTER CASE MATX (E300-KG5N-S00) BLACK,ATX,FALSE,1590
CASE (เคส) COOLER MASTER CASE-MATX BLACK (CP320-KGNN-S00),ATX,FALSE,1990
CASE (เคส) ZALMAN I3 NEO WHITE (WHITE),ATX,TRUE,1690
CASE (เคส) THERMALTAKE CERES 300 TG ARGB (BLACK),E-ATX,TRUE,2990
CASE (เคส) THERMALTAKE CERES 300 TG ARGB SNOW (WHITE),E-ATX,TRUE,3190
CASE (เคส) COOLER MASTER MASTERBOX TD500 MESH V2 (WHITE),E-ATX,TRUE,2690
CASE (เคส) ANTEC PERFORMANCE 1 FT (BLACK),E-ATX,FALSE,5190
CASE (เคส) AEROCOOL INTERSTELLAR (BLACK),ATX,TRUE,2790
CASE (เคส) COUGAR DUOFACE PRO RGB (WHITE),E-ATX,TRUE,2890
CASE (เคส) COUGAR MX330-G PRO (BLACK),ATX,FALSE,1790
CASE (เคส) DEEPCOOL CH560 DIGITAL (BLACK),E-ATX,TRUE,3790
CASE (เคส) DEEPCOOL CH560 DIGITAL WH (WHITE),E-ATX,TRUE,3990
CASE (เคส) DEEPCOOL QUADSTELLAR INFINITY (BLACK),E-ATX,TRUE,12900
CASE (เคส) DARKFLASH DK431 WHITE,E-ATX,FALSE,2090
CASE (เคส) DARKFLASH DF2100 BLACK,E-ATX,FALSE,2150
CASE (เคส) DARKFLASH DF2100 WHITE,E-ATX,FALSE,2250
CASE (เคส) CORSAIR 3000D RGB AIRFLOW (BLACK),ATX,TRUE,3790
CASE (เคส) CORSAIR 3000D RGB AIRFLOW (WHITE),ATX,TRUE,3790
CASE (เคส) CORSAIR 3000D AIRFLOW (BLACK),ATX,FALSE,2590
CASE (เคส) CORSAIR 3000D AIRFLOW (WHITE),ATX,FALSE,2590
CASE (เคส) SAMA GZS (WHITE),MICRO-ATX,FALSE,1390
CASE (เคส) SAMA A711 (WHITE),ATX,FALSE,2890
CASE (เคส) PHANTEKS NV7 (SATIN BLACK),E-ATX,FALSE,7390
CASE (เคส) PHANTEKS NV7 (MATTE WHITE),E-ATX,FALSE,7390
CASE (เคส) MONTECH AIR 903 BASE (BLACK),E-ATX,FALSE,1990
CASE (เคส) MONTECH AIR 903 BASE (WHITE),E-ATX,FALSE,2190
CASE (เคส) NEOLUTION E-SPORT SAPPHIRE V2 (BLACK),ATX,FALSE,990
CASE (เคส) DARKFLASH DK352 (BLACK),ATX,FALSE,1590
CASE (เคส) DARKFLASH DK352 (WHITE),E-ATX,FALSE,1690
CASE (เคส) SEGOTEP MEMPHIS-S (BLACK),E-ATX,FALSE,1890
CASE (เคส) LIAN LI O11 DYNAMIC EVO XL (BLACK),M-ATX,FALSE,7990
CASE (เคส) LIAN LI O11 DYNAMIC EVO XL (WHITE),E-ATX,FALSE,8260
CASE (เคส) ASUS A21 (BLACK),MICRO-ATX,FALSE,3390
CASE (เคส) ASUS A21 (WHITE),MICRO-ATX,FALSE,3490
CASE (เคส) PLENTY T20 (BLACK),ATX,FALSE,990
CASE (เคส) PLENTY ME19 (BLACK),ATX,TRUE,1190
CASE (เคส) GAMDIAS NESO P1 B (BLACK),E-ATX,FALSE,6990
CASE (เคส) GAMDIAS NESO P1 BR (BLACK-RED),E-ATX,FALSE,6990
CASE (เคส) GAMDIAS NESO P1 BW (BLACK-WHITE),E-ATX,FALSE,6990
CASE (เคส) GAMDIAS NESO P1 W (WHITE),E-ATX,FALSE,6990
CASE (เคส) THERMALTAKE THE TOWER 200 (BLACK),MINI-ITX,FALSE,3690
CASE (เคส) THERMALTAKE THE TOWER 200 SNOW (WHITE),MINI-ITX,FALSE,3890
CASE (เคส) SAMA HD X Black (BLACK),ATX,FALSE,3190
CASE (เคส) SAMA HD X White (White),ATX,FALSE,3250
CASE (เคส) SAMA IM01 grey (Grey),M-ATX,FALSE,1690
CASE (เคส) SAMA 2252 BK (Black),M-ATX,FALSE,1750
CASE (เคส) ZALMAN I3 NEO TG WHITE,ATX,TRUE,1990
CASE (เคส) THERMALTAKE CTE T500 AIR (BLACK),E-ATX,FALSE,4790
CASE (เคส) THERMALTAKE CTE T500 AIR SNOW (WHITE),E-ATX,FALSE,4990
CASE (เคส) THERMALTAKE CTE T500 TG ARGB (BLACK),E-ATX,TRUE,5290
CASE (เคส) THERMALTAKE CTE T500 TG ARGB SNOW (WHITE),E-ATX,TRUE,5490
CASE (เคส) SAMA PHS X7 (BLACK),ATX,FALSE,1250
CASE (เคส) SAMA PHS X7 (WHITE),ATX,FALSE,1350
CASE (เคส) PLENTY CR19 BLACK,ATX,TRUE,1190
CASE (เคส) PLENTY CR19 WHITE,ATX,TRUE,1290
CASE (เคส) ZALMAN P30 BLACK,MICRO-ATX,TRUE,2790
CASE (เคส) ZALMAN P30 WHITE,MICRO-ATX,TRUE,2790
CASE (เคส) THERMALTAKE CTE C700 AIR (BLACK),E-ATX,FALSE,5290
CASE (เคส) THERMALTAKE CTE C700 AIR SNOW (WHITE),E-ATX,FALSE,5490
CASE (เคส) THERMALTAKE CTE C700 TG ARGB (BLACK),E-ATX,TRUE,5790
CASE (เคส) THERMALTAKE CTE C700 TG ARGB SNOW (WHITE),E-ATX,TRUE,5990
CASE (เคส) SAMA GZS (BLACK),ATX,FALSE,1290
CASE (เคส) ASUS ROG HYPERION EVA-02 EDITION (RED-BLACK),ATX,FALSE,26290
CASE (เคส) SAMA IM01 GREY,MICRO-ATX,FALSE,1990
CASE (เคส) NZXT H6 FLOW (MATTE BLACK),ATX,FALSE,3890
CASE (เคส) NZXT H6 FLOW (MATTE WHITE),ATX,FALSE,3890
CASE (เคส) NZXT H6 FLOW RGB (MATTE BLACK),ATX,TRUE,4890
CASE (เคส) NZXT H6 FLOW RGB (MATTE WHITE),ATX,TRUE,4890
CASE (เคส) SAMA HD X BLACK,ATX,FALSE,3190
CASE (เคส) COOLER MASTER QUBE 500 (BLACK),E-ATX,FALSE,3390
CASE (เคส) COOLER MASTER QUBE 500 FLATPACK (BLACK),E-ATX,FALSE,3190
CASE (เคส) COOLER MASTER QUBE 500 (WHITE),E-ATX,FALSE,3390
CASE (เคส) COOLER MASTER QUBE 500 FLATPACK (WHITE),ATX,FALSE,3190
CASE (เคส) COOLER MASTER QUBE 500 FLATPACK MACARON EDITION (WHITE-GREEN-YELLOW-PINK),E-ATX,FALSE,3490
CASE (เคส) EKONTA AE-101 AQUA (BLACK),ATX,FALSE,3590
CASE (เคส) ASUS ROG HYPERION GR701 (WHITE),E-ATX,FALSE,21290
CASE (เคส) AEROCOOL DRYFT MINI (BLACK),MICRO-ATX,TRUE,2190
CASE (เคส) COOLER MASTER SNEAKER X ADVANCED SYSTEMS (CLASSIC RED),MINI-ITX,TRUE,42990
CASE (เคส) SAMA HD X WHITE,ATX,FALSE,3290
CASE (เคส) PHANTEKS ECLIPSE G360A (BLACK),E-ATX,TRUE,3190
CASE (เคส) NZXT H7 ELITE (MATTE BLACK),ATX,TRUE,7890
CASE (เคส) ZALMAN I3 NEO TG BLACK,ATX,TRUE,1890
CASE (เคส) LIAN LI O11 VISION (BLACK),E-ATX,FALSE,4700
CASE (เคส) LIAN LI O11 VISION (WHITE),E-ATX,FALSE,4940
CASE (เคส) ASUS PRIME AP201 TEMPERED GLASS (BLACK),MICRO-ATX,FALSE,2490
CASE (เคส) ASUS PRIME AP201 TEMPERED GLASS (WHITE),MICRO-ATX,FALSE,2590
CASE (เคส) DEEPCOOL CH370 (BLACK),MICRO-ATX,FALSE,2190
CASE (เคส) DEEPCOOL CH370 WH (WHITE),MICRO-ATX,FALSE,2190
CASE (เคส) MSI MAG FORGE 120A AIRFLOW (BLACK),ATX,TRUE,1890
CASE (เคส) APNX C1 (BLACK),ATX,TRUE,4990
CASE (เคส) APNX C1 (WHITE),ATX,TRUE,4990
CASE (เคส) NEOLUTION E-SPORT GALACTIC (WHITE),MICRO-ATX,TRUE,1390
CASE (เคส) NEOLUTION E-SPORT HIKARI (BLACK),MICRO-ATX,TRUE,890
CASE (เคส) BE QUIET BASE 800 DX (BLACK),ATX,FALSE,5790
CASE (เคส) BE QUIET BASE 800 DX (WHITE),ATX,FALSE,5990
CASE (เคส) BE QUIET BASE 800 FX (BLACK),ATX,FALSE,6990
CASE (เคส) BE QUIET BASE 800 FX (WHITE),ATX,FALSE,7390
ATX CASE (เคส) COOLER MASTER CASE MATX MASTERBOX,MICRO-ATX,FALSE,1990
ATX CASE (เคส) COOLER MASTER CASE MATX MASTERBOX,ATX,TRUE,2990
ATX CASE (เคส) COOLER MASTER CASE MATX MASTERBOX,ATX,TRUE,3090
ATX CASE (เคส) COOLER MASTER QUBE 500 FLATPACK MACARON EDITION,ATX,FALSE,3590
CASE (เคส) SAMA AM06 BK (BLACK),MICRO-ATX,FALSE,1390
CASE (เคส) MONTECH KING 95 PRO (BLACK),ATX,TRUE,5090
CASE (เคส) MONTECH KING 95 PRO (WHITE),ATX,TRUE,5290
CASE (เคส) MONTECH KING 95 PRO (BLUE),ATX,TRUE,5290
CASE (เคส) MONTECH KING 95 PRO (RED),ATX,TRUE,5290
CASE (เคส) MSI MAG PANO M100R PZ (WHITE),MICRO-ATX,TRUE,3890
CASE (เคส) LIAN-LI V3000 PLUS (WHITE),ATX,TRUE,17200
CASE (เคส) LIAN LI A4-H20 X4 (ANODIZED BLACK),MINI-ITX,FALSE,5650
CASE (เคส) LIAN LI A4-H20 A4 (ANODIZED SILVER),MINI-ITX,FALSE,5650
CASE (เคส) COUGAR MX600 RGB (BLACK),E-ATX,TRUE,3990
CASE (เคส) COUGAR MX600 RGB (WHITE),E-ATX,TRUE,3990
CASE (เคส) LIAN LI O11D EVO RGB (BLACK),E-ATX,TRUE,5230
CASE (เคส) LIAN LI O11D EVO RGB (WHITE),E-ATX,TRUE,5470
CASE (เคส) THERMALTAKE S200 TG ARGB (BLACK),ATX,TRUE,1890
CASE (เคส) THERMALTAKE S200 TG ARGB SNOW (WHITE),ATX,TRUE,2090
CASE (เคส) THERMALTAKE VIEW 200 TG ARGB (BLACK),ATX,TRUE,1990
CASE (เคส) THERMALTAKE VIEW 200 TG ARGB SNOW (WHITE),ATX,TRUE,2190
CASE (เคส) THERMALTAKE THE TOWER 200 (TURQUOISE),MINI-ITX,FALSE,4090
CASE (เคส) THERMALTAKE THE TOWER 200 (RACING GREEN),MINI-ITX,FALSE,4090
CASE (เคส) THERMALTAKE THE TOWER 200 (MATCHA GREEN),MINI-ITX,FALSE,4090
CASE (เคส) THERMALTAKE CERES 330 TG ARGB (BLACK),ATX,TRUE,3290
CASE (เคส) THERMALTAKE THE TOWER 200 (BUMBLEBEE),MINI-ITX,FALSE,4090
CASE (เคส) THERMALTAKE CERES 330 TG ARGB SNOW (WHITE),ATX,TRUE,3490
CASE (เคส) THERMALTAKE CTE E600 MX (BLACK),E-ATX,FALSE,6290
CASE (เคส) THERMALTAKE CTE E600 MX SNOW (WHITE),E-ATX,FALSE,6490
CASE (เคส) COOLER MASTER NCORE 100 MAX,MINI-ITX,FALSE,14900
CASE (เคส) COOLER MASTER NCORE 100 MAX BRONZE EDITION,MINI-ITX,FALSE,14900
CASE (เคส) THERMALTAKE THE TOWER 300 SNOW (WHITE),MICRO-ATX,FALSE,4690
CASE (เคส) THERMALTAKE THE TOWER 300 TURQUOISE (BLUE),MICRO-ATX,FALSE,4890
CASE (เคส) SAMA AM06 WH (WHITE),M-ATX,TRUE,1450
CASE (เคส) ANTEC C8 BLACK,E-ATX,FALSE,3590
CASE (เคส) ANTEC C8 WHITE,E-ATX,FALSE,3690
CASE (เคส) MSI MAG PANO M100R PZ (BLACK),MICRO-ATX,TRUE,3890
CASE (เคส) ASUS PROART PA602 (BLACK),E-ATX,FALSE,12990
CASE (เคส) GIGABYTE C301 GLASS V2 (BLACK),E-ATX,TRUE,2390
CASE (เคส) GALAX REVOLUTION 06 (BLACK),ATX,TRUE,1750
CASE (เคส) GIGABYTE C301 GLASS WHITE V2,E-ATX,TRUE,2490
CASE (เคส) SAMA NEVIEW 2351,ATX,TRUE,2650
CASE (เคส) SAMA NEVIEW 2351 (WHITE),ATX,TRUE,2750
CASE (เคส) SAMA A721 (BLACK),ATX,TRUE,2190
CASE (เคส) SAMA A721 (WHITE),ATX,TRUE,2290
CASE (เคส) SAMA IM01 PRO (WHITE),MICRO-ATX,FALSE,1990
CASE (เคส) LIAN LI O11 VISION CHROME (BLACK MIRROR),E-ATX,FALSE,4940
CASE (เคส) CORSAIR 480T (BLACK),E-ATX,FALSE,1990
CASE (เคส) CORSAIR 5000D CORE AIRFLOW (BLACK),E-ATX,FALSE,4390
CASE (เคส) CORSAIR 5000D CORE AIRFLOW (WHITE),E-ATX,FALSE,4390
ATX CASE (เคส) COOLER MASTER Q300 V2,MICRO-ATX,FALSE,1990
CASE (เคส) HYTE Y40 (BLACK),ATX,FALSE,5650
CASE (เคส) HYTE REVOLT 3 (BLACK),MINI-ITX,FALSE,4990
CASE (เคส) HYTE REVOLT 3 (WHITE),MINI-ITX,FALSE,4990
CASE (เคส) BE QUIET SILENT BASE 802 WINDOW (BLACK),E-ATX,FALSE,6290
CASE (เคส) BE QUIET SILENT BASE 802 WINDOW (WHITE),E-ATX,FALSE,6290
CASE (เคส) BE QUIET PURE BASE 600 (BLACK),ATX,FALSE,3190
CASE (เคส) BE QUIET PURE BASE 600 (SILVER),ATX,FALSE,3190
CASE (เคส) COUGAR UNIFACE RGB (BLACK),E-ATX,TRUE,2590
CASE (เคส) COUGAR UNIFACE RGB (WHITE),E-ATX,TRUE,2590
CASE (เคส) NZXT H7 ELITE (MATTE WHITE),ATX,TRUE,7890
CASE (เคส) COOLER MASTER HAF 700 (WHITE),E-ATX,TRUE,9900
CASE (เคส) COOLER MASTER HAF 700 EVO (WHITE),E-ATX,TRUE,18900
CASE (เคส) LIAN-LI V3000 PLUS (WHITE),E-ATX,FALSE,17200
CASE (เคส) MONTECH KING 95 (WHITE),ATX,FALSE,4090
CASE (เคส) CORSAIR 2500D AIRFLOW (BLACK),MICRO-ATX,FALSE,5390
CASE (เคส) CORSAIR 2500D AIRFLOW (WHITE),MICRO-ATX,FALSE,5390
CASE (เคส) CORSAIR 6500D AIRFLOW (BLACK),E-ATX,FALSE,6690
CASE (เคส) CORSAIR 6500D AIRFLOW (WHITE),E-ATX,FALSE,6690
CASE (เคส) SAMA M203 (BLACK),M-ATX,FALSE,1350
CASE (เคส) SAMA M203 (WHITE),M-ATX,FALSE,1450
CASE (เคส) NZXT H5 FLOW STARFIELD (WHITE),ATX,FALSE,8990
CASE (เคส) DEEPCOOL CC560 ARGB V2 (BLACK),ATX,FALSE,1790
CASE (เคส) DEEPCOOL CH780 (BLACK),E-ATX,TRUE,6990
CASE (เคส) DEEPCOOL CH780 WH,E-ATX,TRUE,6990
CASE (เคส) BE QUIET SILENT BASE 601 (BLACK),E-ATX,FALSE,4890
CASE (เคส) BE QUIET DARK BASE PRO 901 (BLACK),XL-ATX,FALSE,11900